{"metadata":{"asset_id":"117bb353-9659-41b0-9586-69ed75449e87","asset_attributes":["notebook"],"name":"Capstone Project ","asset_type":"notebook","created_at":"2020-08-12T14:24:28Z","description":"","origin_country":"us","owner_id":"IBMid-5500087B74","project_id":"98e6a6cf-c481-4407-a72e-1da0f146207d","size":207,"tags":["notebook"],"usage":{"last_update_time":1597242668900,"last_updated_at":"2020-08-12T14:31:08Z"}},"entity":{"notebook":{"kernel":{"name":"python3","display_name":"Python 3.6","language":"python"},"originates_from":{"type":"blank"},"runtime":{"environment":"conda2py36-98e6a6cf-c481-4407-a72e-1da0f146207d"}}},"attachments":[{"id":"79c3b9cb-649c-4ea6-9a58-e3904129dbe7","version":2,"asset_type":"notebook","name":"attachment for notebook 117bb353-9659-41b0-9586-69ed75449e87","description":"attachment for notebook 117bb353-9659-41b0-9586-69ed75449e87","mime":"application/json","datasource_type":"193a97c1-4475-4a19-b90c-295c4fdc6517","object_key":"notebook/Capstone_Project__QnnSJvUbB.ipynb","creator_id":"IBMid-5500087B74","create_time":1597242269408,"size":207,"is_remote":false,"is_managed":false,"is_referenced":true,"is_object_key_read_only":false,"is_user_provided_path_key":true,"transfer_complete":true,"is_partitioned":false,"complete_time_ticks":1597242269408,"user_data":{},"test_doc":0,"handle":{"bucket":"capstoneproject-donotdelete-pr-shohp3tcei7ots","location":"us-geo","key":"notebook/Capstone_Project__QnnSJvUbB.ipynb","upload_id":"done","max_part_num":1},"usage":{"access_count":0,"last_accessor_id":"IBMid-5500087B74","last_access_time":1597242269408}}]}
